{
    "name": "root",
    "gauges": {
        "PadelAgent.Policy.Entropy.mean": {
            "value": 6.472442150115967,
            "min": 6.416383266448975,
            "max": 6.778560638427734,
            "count": 40
        },
        "PadelAgent.Policy.Entropy.sum": {
            "value": 321033.125,
            "min": 319792.53125,
            "max": 347333.4375,
            "count": 40
        },
        "PadelAgent.Environment.EpisodeLength.mean": {
            "value": 96.0,
            "min": 42.62587412587413,
            "max": 135.10588235294117,
            "count": 40
        },
        "PadelAgent.Environment.EpisodeLength.sum": {
            "value": 49920.0,
            "min": 45656.0,
            "max": 52048.0,
            "count": 40
        },
        "PadelAgent.Self-play.ELO.mean": {
            "value": 1462.4089464001254,
            "min": 1201.6712739771892,
            "max": 1462.4089464001254,
            "count": 40
        },
        "PadelAgent.Self-play.ELO.sum": {
            "value": 380226.3260640326,
            "min": 233249.33646478527,
            "max": 687355.9687149522,
            "count": 40
        },
        "PadelAgent.Step.mean": {
            "value": 999954.0,
            "min": 24960.0,
            "max": 999954.0,
            "count": 40
        },
        "PadelAgent.Step.sum": {
            "value": 999954.0,
            "min": 24960.0,
            "max": 999954.0,
            "count": 40
        },
        "PadelAgent.Policy.ExtrinsicValueEstimate.mean": {
            "value": 1.5189032554626465,
            "min": -0.5173386931419373,
            "max": 1.5189032554626465,
            "count": 40
        },
        "PadelAgent.Policy.ExtrinsicValueEstimate.sum": {
            "value": 783.7540893554688,
            "min": -343.51287841796875,
            "max": 783.7540893554688,
            "count": 40
        },
        "PadelAgent.Environment.CumulativeReward.mean": {
            "value": 6.769230769230769,
            "min": -1.1864406779661016,
            "max": 6.774193548387097,
            "count": 40
        },
        "PadelAgent.Environment.CumulativeReward.sum": {
            "value": 1760.0,
            "min": -280.0,
            "max": 1760.0,
            "count": 40
        },
        "PadelAgent.Policy.ExtrinsicReward.mean": {
            "value": 6.769230769230769,
            "min": -1.1864406779661016,
            "max": 6.774193548387097,
            "count": 40
        },
        "PadelAgent.Policy.ExtrinsicReward.sum": {
            "value": 1760.0,
            "min": -280.0,
            "max": 1760.0,
            "count": 40
        },
        "PadelAgent.Losses.PolicyLoss.mean": {
            "value": 0.03313462324488985,
            "min": 0.030010710368514992,
            "max": 0.04125337696544496,
            "count": 40
        },
        "PadelAgent.Losses.PolicyLoss.sum": {
            "value": 0.03313462324488985,
            "min": 0.030010710368514992,
            "max": 0.07522214572381927,
            "count": 40
        },
        "PadelAgent.Losses.ValueLoss.mean": {
            "value": 2.188223947087924,
            "min": 2.0184126357237497,
            "max": 9.000413652261098,
            "count": 40
        },
        "PadelAgent.Losses.ValueLoss.sum": {
            "value": 2.188223947087924,
            "min": 2.0184126357237497,
            "max": 11.437906257311504,
            "count": 40
        },
        "PadelAgent.Policy.LearningRate.mean": {
            "value": 4.208498597200011e-06,
            "min": 4.208498597200011e-06,
            "max": 0.00029384640205119995,
            "count": 40
        },
        "PadelAgent.Policy.LearningRate.sum": {
            "value": 4.208498597200011e-06,
            "min": 4.208498597200011e-06,
            "max": 0.0005323146225618,
            "count": 40
        },
        "PadelAgent.Policy.Epsilon.mean": {
            "value": 0.10140280000000002,
            "min": 0.10140280000000002,
            "max": 0.19794879999999995,
            "count": 40
        },
        "PadelAgent.Policy.Epsilon.sum": {
            "value": 0.10140280000000002,
            "min": 0.10140280000000002,
            "max": 0.3774382000000001,
            "count": 40
        },
        "PadelAgent.Policy.Beta.mean": {
            "value": 7.999972000000022e-05,
            "min": 7.999972000000022e-05,
            "max": 0.004897645120000001,
            "count": 40
        },
        "PadelAgent.Policy.Beta.sum": {
            "value": 7.999972000000022e-05,
            "min": 7.999972000000022e-05,
            "max": 0.008874166180000002,
            "count": 40
        },
        "PadelAgent.IsTraining.mean": {
            "value": 1.0,
            "min": 1.0,
            "max": 1.0,
            "count": 40
        },
        "PadelAgent.IsTraining.sum": {
            "value": 1.0,
            "min": 1.0,
            "max": 1.0,
            "count": 40
        }
    },
    "metadata": {
        "timer_format_version": "0.1.0",
        "start_time_seconds": "1705158104",
        "python_version": "3.7.9 (tags/v3.7.9:13c94747c7, Aug 17 2020, 18:58:18) [MSC v.1900 64 bit (AMD64)]",
        "command_line_arguments": "C:\\Users\\Jia Long\\Documents\\TFG\\venv\\Scripts\\mlagents-learn config\\padel_ppo_exp1.yaml --run-id=PadelPPO_EXP1 --time-scale=1 --force",
        "mlagents_version": "0.29.0",
        "mlagents_envs_version": "0.29.0",
        "communication_protocol_version": "1.5.0",
        "pytorch_version": "1.7.1+cu110",
        "numpy_version": "1.21.2",
        "end_time_seconds": "1705162093"
    },
    "total": 3989.0210687,
    "count": 1,
    "self": 0.020024299999931827,
    "children": {
        "run_training.setup": {
            "total": 0.11708560000000001,
            "count": 1,
            "self": 0.11708560000000001
        },
        "TrainerController.start_learning": {
            "total": 3988.8839588,
            "count": 1,
            "self": 1.4897981000754044,
            "children": {
                "TrainerController._reset_env": {
                    "total": 7.959442599999682,
                    "count": 5,
                    "self": 7.959442599999682
                },
                "TrainerController.advance": {
                    "total": 3979.2673010999247,
                    "count": 55492,
                    "self": 1.5151399999572277,
                    "children": {
                        "env_step": {
                            "total": 3525.4033296999696,
                            "count": 55492,
                            "self": 2728.3705541000004,
                            "children": {
                                "SubprocessEnvManager._take_step": {
                                    "total": 796.0821639999921,
                                    "count": 55492,
                                    "self": 7.947722800052247,
                                    "children": {
                                        "TorchPolicy.evaluate": {
                                            "total": 788.1344411999398,
                                            "count": 100276,
                                            "self": 107.17716059999611,
                                            "children": {
                                                "TorchPolicy.sample_actions": {
                                                    "total": 680.9572805999437,
                                                    "count": 100276,
                                                    "self": 680.9572805999437
                                                }
                                            }
                                        }
                                    }
                                },
                                "workers": {
                                    "total": 0.9506115999770302,